grt,replica
648.701691,1.000000
