grt,batch_index
659.832179,1
637.427807,2
642.099730,3
647.752237,4
649.228172,5
660.967070,6
661.167985,7
660.214039,8
655.540208,9
653.791993,10
653.788864,11
652.760365,12
651.293952,13
656.752917,14
652.156461,15
652.843013,16
652.218937,17
656.606674,18
655.302508,19
654.044592,20
653.854172,21
654.544113,22
653.156930,23
651.131419,24
651.844549,25
652.428963,26
652.874719,27
652.070640,28
651.477042,29
650.472612,30
