grt,batch_index
659.832179
637.427807
642.099730
647.752237
649.228172
660.967070
661.167985
660.214039
655.540208
653.791993
653.788864
652.760365
651.293952
656.752917
652.156461
652.843013
652.218937
656.606674
655.302508
654.044592
653.854172
654.544113
653.156930
651.131419
651.844549
652.428963
652.874719
652.070640
651.477042
650.472612
