grt,period
703.656454,900
704.609450,981
614.827779,1080
726.115929,1200
658.672653,1350
619.550611,1542
709.650505,1800
689.579731,2160
746.824428,2700
686.070936,3600
684.266507,5400
675.932636,10800
