grt,period
683.855605,10800
683.281524,11250
680.726736,11700
680.269025,12150
671.859083,12600
671.400551,13050
675.170294,13500
676.355934,13950
673.383812,14400
672.718380,14850
677.750210,15300
676.729690,15750
679.180801,16200
676.623096,16650
677.243733,17100
674.953887,17550
675.561465,18000
672.836969,18450
672.968641,18900
678.119539,19350
672.392938,19800
673.382560,20250
682.191370,20700
677.609914,21150
677.375328,21600
