grt,period
759.847284,900
702.737895,981
625.809588,1080
737.646544,1200
611.115465,1350
668.832874,1542
702.676385,1800
744.635738,2160
697.393937,2700
681.189657,3600
694.887370,5400
694.483187,10800
