grt,period
689.478478,10800
692.349231,11250
690.051268,11700
690.968815,12150
691.101031,12600
693.707592,13050
695.887365,13500
696.034372,13950
695.385169,14400
696.815397,14850
695.872789,15300
694.702114,15750
695.597501,16200
693.998022,16650
693.710963,17100
694.282869,17550
694.538976,18000
693.798512,18450
694.028600,18900
691.138847,19350
690.549262,19800
690.870547,20250
690.291857,20700
689.348500,21150
687.510399,21600
