grt,period
749.475283,900
709.171780,981
714.001539,1080
802.975403,1200
711.898068,1350
655.159135,1542
732.120758,1800
645.391180,2160
660.783741,2700
624.362823,3600
674.565907,5400
677.904353,10800
