grt,period
663.728303,900
749.247524,981
690.392810,1080
707.302169,1200
692.466183,1350
675.088417,1542
616.586741,1800
674.594382,2160
661.408873,2700
703.362087,3600
690.077314,5400
675.644804,10800
