grt,period
698.955921,10800
698.429002,11250
697.533295,11700
702.980958,12150
700.927437,12600
700.152024,13050
698.719881,13500
697.975719,13950
694.778670,14400
696.070520,14850
692.177779,15300
690.246863,15750
689.735435,16200
689.813547,16650
687.916198,17100
692.731781,17550
691.624852,18000
690.268844,18450
692.016034,18900
691.523576,19350
690.252709,19800
688.604028,20250
686.847548,20700
687.616845,21150
685.914399,21600
