grt,period
735.286647,900
676.587304,981
720.070171,1080
661.328976,1200
709.691694,1350
720.521308,1542
745.232211,1800
655.716198,2160
622.540826,2700
726.034414,3600
666.368500,5400
711.463131,10800
