grt,period
724.858982,900
629.265960,981
656.391504,1080
612.441158,1200
628.494893,1350
587.314663,1542
704.632492,1800
582.883806,2160
632.106348,2700
666.184125,3600
665.014090,5400
646.913539,10800
