grt,period
629.737262,900
683.962788,981
638.217790,1080
643.882883,1200
612.528581,1350
660.116123,1542
642.642727,1800
601.620633,2160
666.689307,2700
661.423414,3600
650.014669,5400
639.699923,10800
