grt,period
628.062135,900
716.097240,981
639.327781,1080
605.029767,1200
746.833890,1350
671.210691,1542
645.364038,1800
746.107260,2160
624.480704,2700
679.115420,3600
657.405777,5400
659.638160,10800
