grt,period
708.621335,900
649.948347,981
694.157248,1080
645.736792,1200
654.094686,1350
636.157666,1542
624.773542,1800
657.401821,2160
624.220575,2700
715.602050,3600
679.340267,5400
679.299276,10800
