grt,period
696.314117,10800
685.397221,11250
683.037703,11700
683.232238,12150
683.802599,12600
686.287517,13050
687.510998,13500
686.635217,13950
682.945206,14400
682.439226,14850
683.460159,15300
681.944883,15750
681.233959,16200
682.059384,16650
680.966674,17100
680.973814,17550
679.969989,18000
679.205727,18450
680.890073,18900
680.376929,19350
679.253197,19800
679.367757,20250
678.805926,20700
680.875812,21150
679.405214,21600
