grt,period
664.046773,900
633.560142,981
635.785906,1080
595.745628,1200
658.949301,1350
672.288806,1542
641.643100,1800
633.422595,2160
626.281243,2700
649.743746,3600
602.203601,5400
631.727585,10800
