grt,period
717.661648,900
679.437180,981
652.367201,1080
693.847953,1200
677.250016,1350
634.495470,1542
699.443043,1800
695.280719,2160
704.032017,2700
669.813452,3600
667.239902,5400
687.695569,10800
