grt,period
656.874382,900
656.957616,981
644.441071,1080
689.057846,1200
635.027743,1350
630.522553,1542
613.530685,1800
657.113034,2160
634.737396,2700
628.961194,3600
649.975001,5400
648.702360,10800
