grt,period
584.608930,900
709.423876,981
575.777145,1080
608.708356,1200
628.401396,1350
669.539698,1542
686.260759,1800
611.472851,2160
631.729478,2700
681.520934,3600
659.959791,5400
650.094069,10800
