grt,period
702.119752,900
664.224623,981
637.936416,1080
678.052758,1200
663.171632,1350
620.502603,1542
683.423330,1800
680.501953,2160
688.007409,2700
654.807218,3600
652.425638,5400
672.548090,10800
