grt,period
639.546215,900
654.407155,981
634.553321,1080
601.975666,1200
644.891197,1350
660.075267,1542
634.855995,1800
655.535870,2160
660.938307,2700
581.525128,3600
666.659534,5400
635.659781,10800
