grt,period
636.752285,900
644.661603,981
650.170142,1080
622.899807,1200
590.780477,1350
647.093301,1542
678.482386,1800
643.755071,2160
641.086682,2700
611.409845,3600
652.964552,5400
681.539059,10800
