grt,period
642.627782,900
732.839804,981
654.091056,1080
618.305400,1200
763.487749,1350
686.642941,1542
660.370143,1800
762.838483,2160
638.423622,2700
694.799368,3600
672.328607,5400
674.405141,10800
