grt,period
623.088531,900
615.751091,981
637.484534,1080
669.779646,1200
550.499203,1350
628.747790,1542
615.869297,1800
634.349579,2160
616.613660,2700
572.620271,3600
626.682392,5400
634.332685,10800
