grt,period
714.903805,900
671.469304,981
659.370543,1080
706.954972,1200
739.905567,1350
723.870257,1542
668.866939,1800
755.370950,2160
697.785898,2700
659.560181,3600
675.026286,5400
704.068785,10800
