grt,period
655.524870,900
695.518268,981
707.224458,1080
636.139960,1200
646.805053,1350
594.827744,1542
629.351833,1800
672.850056,2160
759.526672,2700
658.529087,3600
669.461539,5400
693.242260,10800
