grt,period
633.913066,900
684.864065,981
584.497653,1080
689.580136,1200
718.999639,1350
698.170053,1542
702.389265,1800
627.534787,2160
662.019269,2700
636.867814,3600
701.969594,5400
694.191589,10800
