grt,period
633.098683,900
670.247784,981
681.583996,1080
614.237614,1200
623.491415,1350
573.966151,1542
606.722658,1800
651.116879,2160
646.456897,2700
652.825673,3600
636.788249,5400
649.607628,10800
