grt,period
698.996238,900
656.151693,981
644.230869,1080
691.910524,1200
723.315323,1350
708.083235,1542
654.091996,1800
738.490774,2160
682.294703,2700
645.026645,3600
659.885378,5400
689.118548,10800
