grt,period
648.791689,900
700.746665,981
598.053173,1080
705.661537,1200
734.384405,1350
714.468341,1542
717.872742,1800
641.535468,2160
677.261382,2700
651.666120,3600
717.984021,5400
709.633876,10800
