grt,period
725.547904,900
665.408117,981
709.953955,1080
660.991121,1200
668.355302,1350
650.714113,1542
638.417503,1800
672.571034,2160
638.417660,2700
731.814549,3600
694.486982,5400
694.537096,10800
