ploss,period
0.000000,10800
0.000000,11250
0.000000,11700
0.000000,12150
0.000000,12600
0.000000,13050
0.000000,13500
0.000000,13950
0.000000,14400
0.000000,14850
0.000000,15300
0.000000,15750
0.000000,16200
0.000000,16650
0.000000,17100
0.000000,17550
0.000000,18000
0.000000,18450
0.000000,18900
0.000000,19350
0.000000,19800
0.000000,20250
0.000000,20700
0.000000,21150
0.000000,21600
