ploss,period
0.000000,900
0.000000,981
0.000000,1080
0.000000,1200
0.000000,1350
0.000000,1542
0.050114,1800
0.000000,2160
0.008319,2700
0.000000,3600
0.055326,5400
0.081552,10800
