ploss,period
0.000000,900
0.000000,981
0.000000,1080
0.000000,1200
0.000000,1350
0.000000,1542
0.000000,1800
0.000000,2160
0.046757,2700
0.007194,3600
0.023219,5400
0.027909,10800
