ploss,period
0.000000,900
0.000000,981
0.000000,1080
0.000000,1200
0.000000,1350
0.000000,1542
0.011848,1800
0.000000,2160
0.000000,2700
0.015240,3600
0.008980,5400
0.006778,10800
