ploss,period
0.000000,900
0.000000,981
0.000000,1080
0.000000,1200
0.000000,1350
0.000000,1542
0.000000,1800
0.041894,2160
0.004878,2700
0.041312,3600
0.021577,5400
0.062426,10800
