ploss,period
0.000000,900
0.000000,981
0.000000,1080
0.000000,1200
0.000000,1350
0.000000,1542
0.000000,1800
0.020790,2160
0.035549,2700
0.042755,3600
0.028333,5400
0.055689,10800
