ploss,period
0.028651,10800
0.027852,11250
0.028676,11700
0.029630,12150
0.029432,12600
0.028439,13050
0.027476,13500
0.026658,13950
0.027043,14400
0.026247,14850
0.027180,15300
0.027457,15750
0.026645,16200
0.027216,16650
0.027757,17100
0.028726,17550
0.030209,18000
0.029543,18450
0.028866,18900
0.028106,19350
0.027487,19800
0.026946,20250
0.026239,20700
0.026444,21150
0.026054,21600
