ploss,period
0.000000,900
0.000000,981
0.000000,1080
0.000000,1200
0.000000,1350
0.020997,1542
0.000000,1800
0.002101,2160
0.000000,2700
0.003559,3600
0.011706,5400
0.010028,10800
